Series Name,Series Code,Country Name,Country Code,1990 [YR1990],2000 [YR2000],2012 [YR2012],2013 [YR2013],2014 [YR2014],2015 [YR2015],2016 [YR2016],2017 [YR2017],2018 [YR2018],2019 [YR2019],2020 [YR2020],2021 [YR2021]
GDP (current US$),NY.GDP.MKTP.CD,Afghanistan,AFG,..,..,19907317065.6666,20146404996.223,20497126770.1335,19134211763.859,18116562464.9088,18753469630.2586,18053228578.8878,18799450742.7823,20116137325.8206,..
GDP (current US$),NY.GDP.MKTP.CD,Albania,ALB,2028553750,3480355258.04122,12319830437.3467,12776220507.0162,13228147516.1168,11386850129.8411,11861199830.8396,13019689336.6919,15156432309.8977,15401830754.0773,15131866270.5936,18260043499.8068
GDP (current US$),NY.GDP.MKTP.CD,Algeria,DZA,62048562947.2509,54790392746.1939,209058991952.125,209755003250.664,213810024944.464,165979279263.174,160034163871.455,170097014589.134,174910878623.049,171767403748.19,145009181490.62,167983141738.311
GDP (current US$),NY.GDP.MKTP.CD,American Samoa,ASM,..,..,640000000,638000000,643000000,673000000,671000000,612000000,639000000,648000000,709000000,..
GDP (current US$),NY.GDP.MKTP.CD,Andorra,AND,1029048481.88051,1429049198.45218,3188652765.36184,3193512950.02419,3271685596.66321,2789881258.50362,2896610479.73077,3000162081.11976,3218419896.9641,3155149347.80639,2891001149.3611,3329910723.76078
GDP (current US$),NY.GDP.MKTP.CD,Angola,AGO,11228764963.2353,9129594818.60749,124998158417.861,133401594460.922,137244418012.553,87219290028.7263,49840494025.5166,68972763787.1547,77792940077.1193,69309104806.6311,53619071176.139,72546985708.5707
GDP (current US$),NY.GDP.MKTP.CD,Antigua and Barbuda,ATG,459470370.37037,826370370.37037,1199948148.14815,1181448148.14815,1249733333.33333,1336692592.59259,1436585185.18519,1467977777.77778,1605944444.44444,1687533333.33333,1370281481.48148,1471125925.92593
GDP (current US$),NY.GDP.MKTP.CD,Argentina,ARG,141352368714.691,284203750000,545982375701.128,552025140252.246,526319673731.638,594749285413.212,557531376217.967,643628665302.155,524819742918.669,452818426182.658,389591035520.675,491492700657.012
GDP (current US$),NY.GDP.MKTP.CD,Armenia,ARM,2256838857.60997,1911563668.85006,10619320048.5857,11121465767.4067,11609512939.7542,10553337672.9872,10546135160.031,11527458565.7334,12457941907.0333,13619291361.2814,12641209802.112,13861183873.5931
GDP (current US$),NY.GDP.MKTP.CD,Aruba,ABW,764804469.273743,1873184357.5419,2615083798.88268,2727932960.89385,2791061452.51397,2963128491.62011,2983798882.68156,3092178770.94972,3202234636.87151,3310055865.92179,2496648044.69274,..
GDP (current US$),NY.GDP.MKTP.CD,Australia,AUS,311326664101.578,415576210513.094,1546508558465.66,1576335282651.07,1467504819608.92,1350534154255.76,1206685107002.47,1326882872011.46,1428529571351.06,1391952510370.48,1327836171068.51,1542659899992.54
GDP (current US$),NY.GDP.MKTP.CD,Austria,AUT,166463386179.354,197289625479.906,409401816050.531,430190979705.962,442584815286.034,381971148530.543,395837353031.499,417261151844.977,455168151938.941,445011872704.47,433258467676.515,477082467454.295
GDP (current US$),NY.GDP.MKTP.CD,Azerbaijan,AZE,8858006035.91566,5272798390.70183,69683935845.2139,74164435946.4627,75244294275.1498,53074370486.0433,37867518957.1975,40865558912.3867,47112941176.4706,48174235294.1176,42693000000,54622176470.5882
GDP (current US$),NY.GDP.MKTP.CD,"Bahamas, The",BHS,3166000000,8076470000,10720500000,10562800000,11176100000,11861900000,11834600000,12357600000,12755800000,13192800000,9699500000,11208600000
GDP (current US$),NY.GDP.MKTP.CD,Bahrain,BHR,4229787234.04255,9062898936.17021,30749308510.6383,32539468085.1064,33387712765.9574,31050638297.8723,32234973404.2553,35473776595.7447,37802005319.1489,38653318085.1064,34723357446.8085,38868663031.9149
GDP (current US$),NY.GDP.MKTP.CD,Bangladesh,BGD,31598341233.463,53369787318.6245,133355749482.478,149990451022.29,172885454931.453,195078678697.23,265236247989.155,293754646182.389,321379023557.462,351238438542.792,373902134700.41,416264942893.326
GDP (current US$),NY.GDP.MKTP.CD,Barbados,BRB,2012131457.26644,3059500000,4610095997.77104,4677248301.89959,4696344341.64326,4724691212.50593,4832811755.56467,4981588899.82409,5097283213.13965,5304164323.2532,4689534961.75956,4900800000
GDP (current US$),NY.GDP.MKTP.CD,Belarus,BLR,21650000000,12736856827.9847,65685102554.8759,75527984234.2342,78813839984.3506,56454734396.5842,47722657820.6675,54726595249.1849,60031262269.3365,64409647193.8044,61489588894.8211,68218816484.1226
GDP (current US$),NY.GDP.MKTP.CD,Belgium,BEL,205331747947.851,236792460312.471,496152879924.727,521791015247.06,535390200131.018,462335574841.484,476062757356.927,502764720556.354,543347368038.353,535376258146.666,521676942134.632,599879025377.51
GDP (current US$),NY.GDP.MKTP.CD,Belize,BLZ,412086445.49,832072450,1531348953.18392,1581844936.42351,1676406801.54095,1734320479.1395,1796928936.71505,1844906692.53913,1887465218.48204,1945250235.57603,1585631670.3461,1789923264.03
GDP (current US$),NY.GDP.MKTP.CD,Benin,BEN,1959965243.76269,3519991326.48464,11141358945.1349,12517845732.2095,13284528654.0574,11388160958.249,11821066152.5979,12701654743.2149,14262407011.4764,14391686632.7821,15651545331.5404,17785640079.1191
GDP (current US$),NY.GDP.MKTP.CD,Bermuda,BMU,1592400000,3480219000,6378188000,6465756000,6413988000,6654541000,6899911000,7142316000,7225977000,7423465000,6881662000,7080900000
GDP (current US$),NY.GDP.MKTP.CD,Bhutan,BTN,287658184.003427,424464089.897641,1781281281.57912,1756215665.09323,1907090813.45906,2003598212.99135,2158972129.00307,2450364928.07302,2446866404.93058,2535657069.05537,2315436303.29988,..
GDP (current US$),NY.GDP.MKTP.CD,Bolivia,BOL,4867582597.52327,8397912525.26886,27084497481.9103,30659338885.6729,32996188017.3661,33000198248.9146,33941126193.9219,37508642170.767,40287647930.5355,40895322850.9407,36629843806.0781,40408208523.8784
GDP (current US$),NY.GDP.MKTP.CD,Bosnia and Herzegovina,BIH,..,5567405605.27555,17221192487.0296,18172335776.3301,18560861397.5577,16219819343.5214,16914287593.2899,18079076426.8667,20177422311.0773,20201323282.5451,19955120004.6604,22571512867.2816
GDP (current US$),NY.GDP.MKTP.CD,Botswana,BWA,3790567051.86778,5788329609.15755,14380004175.1194,14901750991.2012,15654660710.108,13578754072.4652,15082578064.8002,16088437675.1648,16914245098.0392,16695925027.1944,14930072799.0084,17613846472.9916
GDP (current US$),NY.GDP.MKTP.CD,Brazil,BRA,390725626002.866,655448188259.351,2465228293894.01,2472819362216.69,2456043766028.73,1802211999538.68,1795693265810.23,2063514688761.98,1916933708381.89,1873288158977.23,1448565936739.56,1608981220812.2
GDP (current US$),NY.GDP.MKTP.CD,British Virgin Islands,VGB,..,..,..,..,..,..,..,..,..,..,..,..
GDP (current US$),NY.GDP.MKTP.CD,Brunei Darussalam,BRN,3520551724.13793,6001153306.2645,19047940300.8963,18093829923.2737,17098342541.4365,12930394937.8137,11400854267.7188,12128104859.1498,13567351175.0315,13469422958.5105,12005825769.5087,14006569575.68
GDP (current US$),NY.GDP.MKTP.CD,Bulgaria,BGR,20632090909.0909,13245833843.5454,54300857424.4415,55810138436.4821,57082011260.3446,50781996712.7635,53953897624.4344,59199447421.4924,66363422450.2112,68915416141.9576,69889347433.4324,80271119426.1076
GDP (current US$),NY.GDP.MKTP.CD,Burkina Faso,BFA,3101300641.87512,2968369991.46729,12561016091.4673,13444301139.1384,13943016923.9017,11832159275.603,12833363370.174,14106956830.0857,15890065019.7634,16178162030.0694,17933606353.1775,19737615114.3661
GDP (current US$),NY.GDP.MKTP.CD,Burundi,BDI,1132101252.51817,870486065.883137,2333341374.89657,2451606684.31708,2705783272.07443,3104003611.42957,2639321196.46528,2712324087.2789,2660123624.27729,2581268125.78917,2780510624.64184,2902029385.82592
GDP (current US$),NY.GDP.MKTP.CD,Cabo Verde,CPV,306891107.262039,539227277.626411,1741809808.96442,1850470042.43281,1859898513.26858,1596800287.16405,1663008687.09505,1769787215.42141,1966501117.61028,1981845740.70615,1703698676.69742,1936174043.45293
GDP (current US$),NY.GDP.MKTP.CD,Cambodia,KHM,..,3654031716.26881,14054443213.4639,15227991395.2201,16702610842.4025,18049954289.4229,20016747754.0192,22177200511.5811,24571753583.4922,27089389786.979,25872798012.1938,26961061119.7957
GDP (current US$),NY.GDP.MKTP.CD,Cameroon,CMR,12314482085.0878,10566578952.7857,30155064574.0734,33728622819.0912,36386546917.6861,32210232911.6626,33814337900.2831,36098550141.5897,39973839064.6084,39670977332.7348,40804449726.0184,45238613479.8308
GDP (current US$),NY.GDP.MKTP.CD,Canada,CAN,593929550908.468,744773415931.587,1828366481521.6,1846597421834.98,1805749878439.94,1556508816217.14,1527994741907.43,1649265644244.09,1725329192783.02,1742015045482.31,1645423407568.36,1990761609665.23
GDP (current US$),NY.GDP.MKTP.CD,Cayman Islands,CYM,..,..,4291158967.90881,4405954696.16336,4563017851.62436,4708336756.08849,4909498942.67103,5166467286.75345,5530377593.29756,5943589095.55075,5608989195.5292,..
GDP (current US$),NY.GDP.MKTP.CD,Central African Republic,CAF,1440711395.67069,916777282.651168,2510126699.05356,1691544192.38242,1894813504.52945,1695825708.45604,1825018190.85071,2072349974.15272,2220978978.17342,2221301400.72468,2326720920.59223,2516498299.01212
GDP (current US$),NY.GDP.MKTP.CD,Chad,TCD,1738605558.08241,1388506726.62093,12367363677.6199,12953535495.8781,13940768065.6063,10950392219.9104,10097778353.7651,10000395242.1457,11239167048.4916,11314951342.7807,10715396135.4168,11779980801.7843
GDP (current US$),NY.GDP.MKTP.CD,Channel Islands,CHI,..,6439403014.0037,..,..,..,..,..,..,..,..,..,..
GDP (current US$),NY.GDP.MKTP.CD,Chile,CHL,33113887818.957,78249883995.6255,267175872540.066,277239461340.404,259405202008.001,242496649874.236,249298719723.108,276364933679.626,295402652037.155,278584733103.01,252727193710.018,317058508651.76
GDP (current US$),NY.GDP.MKTP.CD,China,CHN,360857912565.966,1211346869600.41,8532229986993.65,9570406235659.64,10475682920597.7,11061553079871.5,11233276536744.7,12310409370894.2,13894817549380.3,14279937500608,14687673892882,17734062645371.4
GDP (current US$),NY.GDP.MKTP.CD,Colombia,COL,47844090709.9908,99886577330.7271,370921320483.841,382116126448.554,381112119657.445,293481748240.778,282825009887.458,311883730690.129,334198214706.209,323109543324.321,270299982887.01,314322453228.295
GDP (current US$),NY.GDP.MKTP.CD,Comoros,COM,429622147.743446,351136568.441921,1015843368.79008,1116224161.07781,1149587651.69395,966029542.038859,1012835518.26037,1077439662.5798,1188797574.94753,1195019559.09381,1223876064.52345,1327964249.32649
GDP (current US$),NY.GDP.MKTP.CD,"Congo, Dem. Rep.",COD,9349764580.41173,19088046305.7971,29306235826.3885,32679745297.6453,35909040265.9328,37917704900.0794,37134799974.5225,38019265625.8845,47568210068.4862,51775830725.8263,48716960860.0664,53958573693.0513
GDP (current US$),NY.GDP.MKTP.CD,"Congo, Rep.",COG,2798746050.58236,3227927697.43665,17692911280.5627,17958720704.4596,17912907682.0663,11890259176.6829,10219341017.1383,11094823676.5914,13670038019.8594,12750338736.1661,10483151093.6873,12523961677.2966
GDP (current US$),NY.GDP.MKTP.CD,Costa Rica,CRI,5711687786.75989,15013629658.6521,47231651862.8399,50949672205.9168,52016408950.8936,56441917652.9812,58847016044.7363,60516043590.1832,62420165099.7231,64417670082.6127,62158002233.0279,64282438666.739
GDP (current US$),NY.GDP.MKTP.CD,Cote d'Ivoire,CIV,10795850106.9547,16577533355.4395,36302305578.2487,42760237561.4396,48843008580.3288,45814637971.4745,47964234560.0514,51588158717.5348,58011466450.8643,58539424929.7248,61348579465.1017,69764827467.4423
GDP (current US$),NY.GDP.MKTP.CD,Croatia,HRV,..,21839780971.0268,57192346923.335,58889082315.336,58330289756.6914,50163192883.1515,52295158344.2544,56214427431.2,62247874948.8225,62246206340.5469,57203783203.0259,67837788543.5852
GDP (current US$),NY.GDP.MKTP.CD,Cuba,CUB,28645436569.1489,30565400000,73141000000,77148000000,80656000000,87133000000,91370000000,96851000000,100050000000,103428000000,107352000000,..
GDP (current US$),NY.GDP.MKTP.CD,Curacao,CUW,..,..,3024525139.6648,3039944134.07821,3048435754.18994,3042737430.1676,3014748603.35196,3009497206.70391,3020388817.27231,2995185487.30261,2496174735.64702,..
GDP (current US$),NY.GDP.MKTP.CD,Cyprus,CYP,5591130217.66965,9985844486.33365,24978513426.6992,23900872625.8467,23156850006.6427,19842404304.8929,20953442550.3653,22870833709.8961,25522671232.8767,25758357774.5438,24692095945.1742,27719337670.0177
GDP (current US$),NY.GDP.MKTP.CD,Czechia,CZE,40728950704.6176,61828166496.0941,208857719320.649,211685616592.931,209358834156.329,188033050459.881,196272068576.338,218628940951.675,248950103352.137,252498032247.163,245339322066.759,282340849856.614
GDP (current US$),NY.GDP.MKTP.CD,Denmark,DNK,138247285815.855,164158739097.623,327148943812.137,343584391647.927,352993631617.708,302673070846.857,313115929314.339,332121063806.391,356841216410.068,347561349210.979,356084867685.639,397104343478.301
GDP (current US$),NY.GDP.MKTP.CD,Djibouti,DJI,452328087.282876,551230861.856505,1353632941.5207,2042817162.85639,2214679081.25658,2424391785.43897,2604955228.70117,2762581334.22612,2913466732.12507,3088853638.56832,3181071153.6622,3371102123.51343
GDP (current US$),NY.GDP.MKTP.CD,Dominica,DMA,201429629.62963,333470370.37037,485996296.296296,498296296.296296,520207407.407407,540737037.037037,576229629.62963,521551851.851852,554770370.37037,611537037.037037,504214814.814815,545618518.518518
GDP (current US$),NY.GDP.MKTP.CD,Dominican Republic,DOM,7073675544.79021,24305717541.6371,60681537195.7996,62682163837.347,67179914026.9623,71164825256.6849,75704720189.5607,79997975621.8654,85555378042.8196,88941299733.5018,78844702329.0785,94243453937.4462
GDP (current US$),NY.GDP.MKTP.CD,Ecuador,ECU,15239278100.3502,18327764882.4412,87924544000,95129659000,101726331000,99290381000,99937696000,104295862000,107562008000,108108009000,99291124000,106165866000
GDP (current US$),NY.GDP.MKTP.CD,"Egypt, Arab Rep.",EGY,42978914311.3504,99838543960.0763,279116666666.667,288434108527.132,305595408895.265,329366576819.407,332441717791.411,235733695652.174,249712999437.254,303080865603.645,365252651278.852,404142766093.053
GDP (current US$),NY.GDP.MKTP.CD,El Salvador,SLV,4817542204,11784927700,21386150000,21990960000,22593470000,23438240000,24191430000,24979190000,26020850000,26896660000,24638720000,28736940000
GDP (current US$),NY.GDP.MKTP.CD,Equatorial Guinea,GNQ,112119406.548331,1045998496.43872,22388345810.2466,21948835350.3425,21765454404.421,13185496836.4124,11240809132.4145,12200912828.3695,13097011208.4602,11364134108.6175,10099157269.8025,12269392788.7402
GDP (current US$),NY.GDP.MKTP.CD,Eritrea,ERI,..,706370815.584416,..,..,..,..,..,..,..,..,..,..
GDP (current US$),NY.GDP.MKTP.CD,Estonia,EST,..,5686579747.53524,23019150071.1867,25115753366.1114,26634083965.0987,22890762090.1508,24072829276.7744,26924385103.0659,30489500904.8564,31045591753.4901,30650285471.7215,36262924353.6041
GDP (current US$),NY.GDP.MKTP.CD,Eswatini,SWZ,1114703088.1614,1738100853.05052,4886533032.88672,4597532029.70451,4422968339.67584,4063245671.29285,3816022046.82656,4402969225.92165,4666784617.59585,4466066557.37957,3984840580.40634,4941373182.08261
GDP (current US$),NY.GDP.MKTP.CD,Ethiopia,ETH,12175166763.285,8242392103.68061,43310721414.0829,47648211133.2183,55612228233.5179,64589334978.8013,74296618481.0882,81770791970.982,84269348327.3454,95912590628.1412,107657734392.446,111271112329.975
GDP (current US$),NY.GDP.MKTP.CD,Faroe Islands,FRO,..,1068278259.57863,2414380664.65257,2677296440.7172,2901131403.11804,2561824640.6754,2804863556.01111,2969876872.28339,3180074747.41076,3268839775.69197,3240759988.99453,..
GDP (current US$),NY.GDP.MKTP.CD,Fiji,FJI,1337024782.22702,1678239218.26553,3972012570.53467,4190143206.25611,4856963229.83999,4682546863.08162,4930204229.72263,5353404422.08138,5581371850.14851,5496264765.78411,4574413823.31243,4592118709.55279
GDP (current US$),NY.GDP.MKTP.CD,Finland,FIN,141438345513.917,126019543413.334,258290060227.734,271362405890.589,274862826772.156,234534382384.766,240771351298.833,255647979916.471,275715087494.902,268508200125.49,271836962949.417,299155237589.142
GDP (current US$),NY.GDP.MKTP.CD,France,FRA,1269179616913.63,1365639660792.16,2683671716967.19,2811876903329.03,2855964488590.19,2439188643162.5,2472964344587.17,2595151045197.65,2790956878746.66,2728870246705.88,2630317731455.26,2937472757953.44
GDP (current US$),NY.GDP.MKTP.CD,French Polynesia,PYF,3181206210.85118,3453920574.91815,..,..,..,5325848045.4324,5497037292.63831,5833351477.8985,6135117589.07754,6008055247.77908,5669368717.20724,..
GDP (current US$),NY.GDP.MKTP.CD,Gabon,GAB,5952293765.94088,5080483463.99928,17170465294.0332,17595745653.3676,18203968001.8908,14383107714.0388,14023890620.3384,14929488770.7315,16867325126.5423,16874405839.7948,15316824039.3269,18269350433.7992
GDP (current US$),NY.GDP.MKTP.CD,"Gambia, The",GMB,317083373.524559,782915402.421095,1415006238.09509,1375608956.10386,1229460601.92174,1378176868.31568,1484579844.37143,1504909753.28746,1670670668.5939,1813608279.65044,1830412999.95922,2078070683.54686
GDP (current US$),NY.GDP.MKTP.CD,Georgia,GEO,7753501867.76095,3057475335.18846,16488403076.3641,17189551520.9811,17627003454.7205,14953950557.4406,15141758566.7808,16242916915.7203,17596922469.9152,17470436258.5131,15842922532.7202,18700241392.1575
GDP (current US$),NY.GDP.MKTP.CD,Germany,DEU,1771671206875.68,1947981991011.77,3527143188785.16,3733804649549.03,3889093051023.52,3357585719351.56,3469853463945.53,3690849152517.65,3977289455388.23,3888326788627.44,3846413928653.71,4223116205968.92
GDP (current US$),NY.GDP.MKTP.CD,Ghana,GHA,5889174825.487,4983024408.14828,41270954737.2459,62823043706.4702,54782847752.5375,49406568432.6711,56165172898.8695,60406382898.5174,67299280679.563,68337537815.7703,70043199813.6885,77594279054.8795
GDP (current US$),NY.GDP.MKTP.CD,Gibraltar,GIB,..,..,..,..,..,..,..,..,..,..,..,..
GDP (current US$),NY.GDP.MKTP.CD,Greece,GRC,97891092003.4394,130457756628.436,242029307133.408,238907690051.13,235458133124.608,195683527003.375,193148146586.933,199844406013.531,212049447242.111,205144152830.847,188835201625.91,216240589485.256
GDP (current US$),NY.GDP.MKTP.CD,Greenland,GRL,1018970364.86443,1068030829.75591,2609667673.71601,2684952726.88425,2842048997.77283,2499115623.00272,2707146783.13056,2851610655.92391,3055791340.7025,2994332323.74726,3075968328.69677,..
GDP (current US$),NY.GDP.MKTP.CD,Grenada,GRD,278098762.962963,520044370.37037,799882259.259259,842620111.111111,911497407.407407,997007925.925926,1061640740.74074,1125685185.18519,1166523555.55556,1213485185.18519,1043411111.11111,1122083185.18519
GDP (current US$),NY.GDP.MKTP.CD,Guam,GUM,..,..,5265000000,5399000000,5610000000,5799000000,5901000000,6013000000,6060000000,6364000000,5844000000,..
GDP (current US$),NY.GDP.MKTP.CD,Guatemala,GTM,7650125217.35253,19288827158.9035,49593961141.7484,52996540703.5943,57852399963.7878,62186186575.7433,66053725049.0138,71654134378.5299,73208583758.9105,77020015201.3201,77604632620.6473,85986321551.2388
GDP (current US$),NY.GDP.MKTP.CD,Guinea,GIN,2666750685.8495,2995361140.63217,7638045254.42864,8376613843.27265,8778473614.54728,8794202443.67366,8595955581.21787,10324668266.5921,11857030336.5252,13442861443.7506,14169626010.1229,15850520383.9941
GDP (current US$),NY.GDP.MKTP.CD,Guinea-Bissau,GNB,243961995.512687,371095510.047761,989271229.637162,1046087417.96916,1054915645.19654,1048229629.42039,1179004941.22904,1350177127.5523,1504630120.99275,1439638443.38133,1431758242.90375,1638517533.16504
GDP (current US$),NY.GDP.MKTP.CD,Guyana,GUY,396582263.291139,712667896.727512,4063089191.87525,4167800259.20888,4127659492.02031,4279840193.7046,4482697336.56174,4748174334.14044,4787636237.24043,5173760191.84652,5471256594.72422,7409179920.86331
GDP (current US$),NY.GDP.MKTP.CD,Haiti,HTI,3096289800,6813577558.17628,13708926466.2732,14902474090.615,15139264670.4225,14833154471.7456,13987693738.923,15035560372.6443,16455034352.7671,14785839382.9002,14508218017.4032,20944392615.0803
GDP (current US$),NY.GDP.MKTP.CD,Honduras,HND,4923009551.55642,7186650135.43927,18528601901.324,18499710127.8385,19756494434.7031,20979767785.2104,21717622071.3816,23136232229.6069,24067778953.842,25089976946.7736,23827840809.7014,28488668301.6401
GDP (current US$),NY.GDP.MKTP.CD,"Hong Kong SAR, China",HKG,76928290841.8701,171668164082.555,262629441493.476,275696879834.966,291459356985.337,309383627028.561,320858250776.188,341273289534.466,361731070995.726,363052489184.395,344881400505.337,368139247671.487
GDP (current US$),NY.GDP.MKTP.CD,Hungary,HUN,..,47218405892.4258,128857370476.631,135732595721.853,141078984816.675,125210324613.14,128636108315.474,143136245596.988,160586833778.457,163526491433.29,156743134665.959,182280517581.212
GDP (current US$),NY.GDP.MKTP.CD,Iceland,ISL,6468736355.55678,9025660361.75842,14751508133.5443,16125060515.3117,17867662177.8911,17517210519.0912,20793168030.9524,24728285177.4603,26267063757.5495,24857740445.0401,21718075725.2054,25458933915.8742
GDP (current US$),NY.GDP.MKTP.CD,India,IND,320979026420.035,468394937262.37,1827637859135.7,1856722121394.53,2039127446298.55,2103587813812.75,2294797980509.01,2651472946374.91,2702929718960.46,2831552222519.99,2667687951796.56,3173397590816.91
GDP (current US$),NY.GDP.MKTP.CD,Indonesia,IDN,106140727356.675,165021012077.81,917869910105.749,912524136718.018,890814755233.225,860854235065.079,931877364177.742,1015618742565.81,1042271531011.99,1119099868265.25,1058688935454.78,1186092991320.04
GDP (current US$),NY.GDP.MKTP.CD,"Iran, Islamic Rep.",IRN,124813263926.225,109591707802.216,644035510447.901,492775565649.562,460382791826.34,408212918053.939,457954614142.539,486630146443.617,330991589888.991,291362916336.415,231547571240.469,..
GDP (current US$),NY.GDP.MKTP.CD,Iraq,IRQ,180408064516.129,48364250943.9051,218002481737.691,234637675128.645,228415656174.957,166774109673.732,166602488747.885,187217660050.676,227367469034.031,233636097800.338,184369797315.436,207889333724.138
GDP (current US$),NY.GDP.MKTP.CD,Ireland,IRL,49305632408.4929,100207610429.909,225496810956.67,238279269750.987,258969649063.72,291580037584.33,298928152644.686,335430829594.026,385041711506.234,399122063504.148,425888950992.003,498559576714.721
GDP (current US$),NY.GDP.MKTP.CD,Isle of Man,IMN,..,1563667799.61578,6690725118.48341,7000748788.49461,7708834951.45631,7085288006.11154,6846691871.45558,6979581724.58172,7491969312.87525,7315388052.08067,..,..
GDP (current US$),NY.GDP.MKTP.CD,Israel,ISR,..,132455662080.298,258417104163.53,294167366504.266,310944937638.436,300078278118.434,319024417316.889,355277223507.485,373641241440.789,397934596952.56,407100736594.064,481591266133.409
GDP (current US$),NY.GDP.MKTP.CD,Italy,ITA,1181222653522.95,1146676894209.73,2086957656821.6,2141924094298.56,2162009615996.54,1836637711060.55,1877071687633.78,1961796197354.36,2091932426266.98,2011285742552.15,1892574064222.11,2099880198258.88
GDP (current US$),NY.GDP.MKTP.CD,Jamaica,JAM,4592224067.37194,9005064474.93003,14807086889.2099,14264202737.3082,13899228824.2161,14188935947.5694,14077109396.8584,14808989993.3185,15730793852.7913,15830768549.8916,13812425036.5864,13638230995.679
GDP (current US$),NY.GDP.MKTP.CD,Japan,JPN,3132817652848.04,4968359075956.59,6272362996105.03,5212328181166.18,4896994405353.29,4444930651964.18,5003677627544.24,4930837369151.42,5037835383110.97,5123318151510.62,5040107754084.11,4937421880461.55
GDP (current US$),NY.GDP.MKTP.CD,Jordan,JOR,4160003917.43258,8460424400.56418,31634561690.1408,34454440140.8451,36847643521.1268,38587017887.3239,39892551126.7606,41408960845.0704,42932112676.0563,44502895915.493,43697659295.7747,45243661971.831
GDP (current US$),NY.GDP.MKTP.CD,Kazakhstan,KAZ,26932729102.7371,18291994909.0044,207998568865.789,236634552078.102,221415572819.5,184388432148.715,137278320084.171,166805800595.704,179339994859.384,181667190075.541,171082379532.988,190814274226.211
GDP (current US$),NY.GDP.MKTP.CD,Kenya,KEN,8572359162.74408,12705357103.0056,56396706005.9435,61671425370.0235,68285768554.472,70120413328.7838,74815121314.9381,82035800868.187,92202956320.532,100379713697.421,100666542665.72,110347079517.356
GDP (current US$),NY.GDP.MKTP.CD,Kiribati,KIR,39809538.6776989,67254174.3970315,189630114.855587,184550740.142316,177862310.350122,170291001.98321,178509814.059419,188192060.085837,196230573.819486,177935349.322211,180911843.644622,..
GDP (current US$),NY.GDP.MKTP.CD,"Korea, Dem. People's Rep.",PRK,..,..,..,..,..,..,..,..,..,..,..,..
GDP (current US$),NY.GDP.MKTP.CD,"Korea, Rep.",KOR,283367525714.932,576178114168.494,1278427634342.59,1370795199976.18,1484318219633.63,1465773245547.15,1500111596236.37,1623901496835.79,1724845615629.26,1651422932447.77,1637895802792.9,1798533915091.14
GDP (current US$),NY.GDP.MKTP.CD,Kosovo,XKX,..,..,6163785172.81254,6735731172.79851,7074657898.23303,6295820481.52668,6682832632.27806,7180813375.50836,7878508502.59802,7899879086.43081,7716925356.12536,9007159195.74216
GDP (current US$),NY.GDP.MKTP.CD,Kuwait,KWT,18427777777.7778,37712842242.5033,174070382279.385,174161142454.161,162631412508.784,114567298105.683,109419728566.7,120707435542.367,138182400493.585,136196760180.976,105960225688.145,..
GDP (current US$),NY.GDP.MKTP.CD,Kyrgyz Republic,KGZ,2675000000,1369688498.06778,6605139933.41063,7335027591.91628,7468096566.71158,6678178340.45121,6813092065.83507,7702934800.12836,8271108638.39931,8871026074.19762,7780874536.66054,8543423502.6134
GDP (current US$),NY.GDP.MKTP.CD,Lao PDR,LAO,865559856.1639,1731198022.45494,10192848926.2582,11983252611.2727,13279248478.8161,14426381187.0894,15912495368.8717,17071162084.4067,18141651381.3884,18740559554.1632,18981800705.0794,18827148530.0151
GDP (current US$),NY.GDP.MKTP.CD,Latvia,LVA,..,7958852838.93395,28169902669.3784,30204783461.8488,31386896487.0407,27263090547.0617,28083597512.4841,30483806017.8318,34429023435.0211,34308783825.3019,33645460617.239,38872546228.5653
GDP (current US$),NY.GDP.MKTP.CD,Lebanon,LBN,2838485353.96187,17260364842.4544,44016799515.8209,46880103080.6634,48095213746.4677,49929337837.0813,51147308773.9304,53027680685.8375,54901519155.6219,51605959131.3385,25948915861.1985,18076624840.1841
GDP (current US$),NY.GDP.MKTP.CD,Lesotho,LSO,596415104.549144,887295267.875155,2477702252.80078,2367113170.00373,2441053175.70743,2359759799.04224,2114020380.41651,2306185361.14628,2514146887.91664,2451257578.69383,2250717718.46577,2518468891.03913
GDP (current US$),NY.GDP.MKTP.CD,Liberia,LBR,..,874000000,2791614000,3177198100,3225652000,3227075700,3398419600,3390703400,3422754800,3319596500,3039982540,3486741370
GDP (current US$),NY.GDP.MKTP.CD,Libya,LBY,28901836158.1921,38270206950.41,92538004279.9398,75350633010.9303,57372445771.7699,48717854039.9653,49910960874.5685,67158415841.5842,76684175824.1758,69252306372.0232,52320215472.0934,41879579677.1747
GDP (current US$),NY.GDP.MKTP.CD,Liechtenstein,LIE,1421466239.56234,2483953102.79488,5456009384.66461,6391735893.83968,6657170923.37918,6268391521.19701,6237264055.20601,6474256118.61481,6692504346.04765,6427248943.44939,..,..
GDP (current US$),NY.GDP.MKTP.CD,Lithuania,LTU,..,11524776866.6379,42927454291.478,46523420074.4372,48533659592.1728,41435533340.3883,43047309305.7363,47758736931.7801,53750911865.687,54697379017.3332,56546957475.4912,65503849704.5997
GDP (current US$),NY.GDP.MKTP.CD,Luxembourg,LUX,12778792853.6939,21230182989.3036,59776383527.3602,65203276466.9763,68804811897.6445,60071584216.1375,62216885435.9488,65712180342.9836,71285019397.4133,70195715495.5136,73353132793.7076,86710803337.0994
GDP (current US$),NY.GDP.MKTP.CD,"Macao SAR, China",MAC,3246477995.26244,6774193548.3871,43189526777.5567,51536304807.6803,54903031137.7096,45047964934.2517,45070605746.0194,50440941938.6992,55284360483.1217,55204758069.5124,25586111076.3415,29905190181.75
GDP (current US$),NY.GDP.MKTP.CD,Madagascar,MDG,3931334870.67235,4629247090.97816,11578974887.9562,12423555269.3893,12522957228.1764,11323020828.5758,11848613735.1933,13176313593.5509,13614412550.8812,14191911512.0465,13225591803.6232,14637400395.689
GDP (current US$),NY.GDP.MKTP.CD,Malawi,MWI,1880771556.30474,1743506531.32652,6028487928.83351,5518880768.57955,6047813437.31804,6373212640.84604,5433040159.88747,8943543677.18899,9880676218.82611,11025370768.8135,12172128469.5737,12626718073.7439
GDP (current US$),NY.GDP.MKTP.CD,Malaysia,MYS,44024178343.0071,93789736842.1053,314443149443.149,323277158906.979,338061963396.376,301354803994.367,301255380276.258,319112136545.438,358791513221.482,365276379480.99,337006023789.699,372701358820.264
GDP (current US$),NY.GDP.MKTP.CD,Maldives,MDV,215043969.849246,624337145.284622,2886170571.69634,3295011381.75405,3697351596.83753,4109424799.72407,4379136461.83077,4754175869.24027,5300962659.51088,5607762625.14627,3742769967.42798,4889666931.63855
GDP (current US$),NY.GDP.MKTP.CD,Mali,MLI,2681912149.14767,2961484953.73364,12442035328.035,13242690790.0557,14364937127.7002,13104764378.7114,14026048334.2131,15365713059.1057,17070867577.6666,17280250805.2245,17465392779.0366,19143741503.1482
GDP (current US$),NY.GDP.MKTP.CD,Malta,MLT,2547163582.33149,4069515579.07114,9462238211.48657,10551661176.7831,11626281387.0068,11091434483.5238,11668286794.8616,13505056441.5193,15301279478.2071,15719500920.5362,14917038504.285,17189730469.5554
GDP (current US$),NY.GDP.MKTP.CD,Marshall Islands,MHL,78476000,115347500,180436300,184840400,182142800,183814300,201510900,213204100,221588900,239462200,244462400,248665600
GDP (current US$),NY.GDP.MKTP.CD,Mauritania,MRT,1506914407.82047,1779523344.34106,6728208836.22143,7223071177.15856,6592537781.81518,6166863960.00061,6398747531.60142,6800135961.61412,7352533585.59316,7889655284.47161,7915985513.70246,8227580740.49889
GDP (current US$),NY.GDP.MKTP.CD,Mauritius,MUS,2653480001.34558,4663313620.01707,11668685524.1265,12129642296.4425,12803445933.5894,11692287066.381,12232463655.5727,13259351418.4459,14181951058.5129,14045808843.221,10926820603.402,11156657769.6974
GDP (current US$),NY.GDP.MKTP.CD,Mexico,MEX,261253582805.945,707906744574.644,1201089987015.45,1274443084716.57,1315351183524.54,1171867608197.72,1078490651625.31,1158913035796.37,1222408203104.3,1269404276770.7,1087117783073.31,1293037866360.17
GDP (current US$),NY.GDP.MKTP.CD,"Micronesia, Fed. Sts.",FSM,147200000,233271800,327248700,317214400,319271200,316489900,332265200,366666800,401932300,412479413.362129,407515927.98229,404178049.753978
GDP (current US$),NY.GDP.MKTP.CD,Moldova,MDA,..,1288429391.79951,8709138764.75916,9496717702.44839,9510198961.57287,7745241912.94722,8071469355.2527,9669741744.22001,11457443185.0542,11971345002.7757,11859730543.5525,13679221333.2052
GDP (current US$),NY.GDP.MKTP.CD,Monaco,MCO,2481316053.96507,2647885848.5351,5743029680.07195,6555983530.34932,7069616048.89066,6261622101.40908,6472990923.1791,6431314957.07185,7194024563.06094,7383745662.15157,6816219303.25528,..
GDP (current US$),NY.GDP.MKTP.CD,Mongolia,MNG,2560785660,1136896123.61298,12292770631.1967,12582122604.1921,12226514722.0861,11619892396.0767,11181350461.4723,11480847745.3187,13178094459.4548,14206359006.8095,13312981594.573,15098022828.6106
GDP (current US$),NY.GDP.MKTP.CD,Montenegro,MNE,..,984297589.359934,4087725812.66864,4465771672.62005,4593852089.0956,4054728172.94375,4376929571.63126,4856602178.63417,5506944403.30186,5542201150.91048,4780722121.96227,5809170961.78285
GDP (current US$),NY.GDP.MKTP.CD,Morocco,MAR,30180108561.9305,38857251336.3448,98266306615.3632,106825649872.108,110081248587.369,101179808076.36,103311649248.024,109682728023.112,118096227400.092,119870439113.662,114725065285.149,132725261467.431
GDP (current US$),NY.GDP.MKTP.CD,Mozambique,MOZ,..,5656473652.41147,16350813486.9908,16974314296.2182,17716091057.2675,15950979333.1582,11936993086.9579,13219079497.7055,14845400592.6712,15390031039.9957,14028811071.7628,16095828896.6342
GDP (current US$),NY.GDP.MKTP.CD,Myanmar,MMR,2036373522.68939,6849321645.95623,58318677644.9492,60572257122.2962,63264892768.3726,63045305229.1046,60291736893.9397,61449392056.1488,67144725830.5753,68697759361.231,78930257227.0908,65067808984.6792
GDP (current US$),NY.GDP.MKTP.CD,Namibia,NAM,2789944497.97086,3922247989.85562,13042007432.4489,12043276397.1652,12435416060.2791,11335179562.0211,10721994676.6562,12895153160.466,13682062249.2236,12543203410.6928,10562637375.594,12236250784.1336
GDP (current US$),NY.GDP.MKTP.CD,Nauru,NRU,..,..,96927201.4848422,98491843.6441982,104654365.188653,86529661.3694983,99723394.9628767,109359680.217211,124021393.690412,118724073.809183,114626625.553023,133218896.932607
GDP (current US$),NY.GDP.MKTP.CD,Nepal,NPL,3627562402.66027,5494252207.90502,21703106501.9674,22162208956.1412,22731602969.9687,24360795410.6422,24524098184.648,28971589213.2184,33111525871.9538,34186190995.9565,33433670511.9364,36288830373.4106
GDP (current US$),NY.GDP.MKTP.CD,Netherlands,NLD,318330511920.61,417479337444.707,838923319919.531,877172824534.512,892167986713.722,765572770634.375,784060430240.08,833869641687.06,914043438179.607,910194347568.626,913865395789.886,1018007056949.6
GDP (current US$),NY.GDP.MKTP.CD,New Caledonia,NCL,2529440424.29422,3420033046.95784,9659153061.35633,10151385305.7645,10635039738.6899,8738205836.7394,8724570249.74306,9173668102.13844,9846922416.14776,9438130987.37298,9435529927.2471,..
GDP (current US$),NY.GDP.MKTP.CD,New Zealand,NZL,45495129385.0475,52623281956.7031,176206659722.524,190906575136.003,201313497220.917,178064471137.921,188838342527.975,206623758800.159,211953111035.513,213434571357.984,211734532308.013,249991512236.526
GDP (current US$),NY.GDP.MKTP.CD,Nicaragua,NIC,1009455483.87097,5107329007.0922,10532006608.1447,10982979274.1922,11880434070.7811,12756706583.3113,13286083644.8761,13785909906.1925,13025239912.2751,12596636042.2321,12586941392.6347,14013022092.0645
GDP (current US$),NY.GDP.MKTP.CD,Niger,NER,3512356353.0798,2241753120.21267,9426913349.22319,10224897934.722,10862944203.5591,9683867893.68343,10398862244.9737,11185102399.5762,12808660528.0617,12916455161.1081,13741378450.136,14950949875.2729
GDP (current US$),NY.GDP.MKTP.CD,Nigeria,NGA,54035795387.8086,69448756932.5833,455501524575.498,508692961937.492,546676374567.721,486803295097.89,404650006428.613,375746469538.666,397190484464.308,448120428858.769,432293776262.398,440776971536.015
GDP (current US$),NY.GDP.MKTP.CD,North Macedonia,MKD,4699646643.10954,3772857145.0248,9745251126.0109,10817712138.9451,11362272837.8818,10064515432.0265,10672471860.7184,11307058382.3435,12683070061.4695,12606338448.547,12116981815.2261,13879269151.5718
GDP (current US$),NY.GDP.MKTP.CD,Northern Mariana Islands,MNP,..,..,746000000,772000000,832000000,910000000,1230000000,1560000000,1302000000,1182000000,..,..
GDP (current US$),NY.GDP.MKTP.CD,Norway,NOR,119791683307.507,171247131268.604,509506317146.541,522761531914.894,498410050251.256,385801550067.169,368827142857.143,398393955268.99,436999692591.454,404941363636.364,362198318435.26,482437019790.454
GDP (current US$),NY.GDP.MKTP.CD,Oman,OMN,11685045513.6541,19507452535.7607,87408842652.7958,89936020806.2419,92699089726.9181,78710793237.9714,75128738621.5865,80856697009.1027,91505851755.5267,88060858257.4772,73971391417.4252,85868626527.9584
GDP (current US$),NY.GDP.MKTP.CD,Pakistan,PAK,40010423970.4576,82017743416.2841,224383620829.57,231218567178.979,244360888750.807,270556131701.171,313629858859.587,339205615769.187,356128224957.085,320909489229.723,300306331697.668,346343170486.072
GDP (current US$),NY.GDP.MKTP.CD,Palau,PLW,..,146297500,212397800,221117200,241669800,280457700,298300000,285300000,284700000,274200000,257700000,..
GDP (current US$),NY.GDP.MKTP.CD,Panama,PAN,6433967000,12304115000,40429734400,45599994000,49921464400,54091713800,57907695400,62202725200,64929409200,66984427200,53977037000,63605065800
GDP (current US$),NY.GDP.MKTP.CD,Papua New Guinea,PNG,3219730364.99623,3521339699.07407,21295659243.6168,21261432791.2675,23210682538.3928,21723531173.2409,20759069103.0961,22742613553.6879,24109509852.7402,24751344560.8856,24667052023.1214,26594277245.782
GDP (current US$),NY.GDP.MKTP.CD,Paraguay,PRY,5812114523.01187,8855705139.55857,33296438306.4747,38651334287.6732,40377987208.689,36211372702.8085,36089550659.0914,38997129473.5558,40225448340.6322,37925338329.156,35432178068.1756,38986810989.0011
GDP (current US$),NY.GDP.MKTP.CD,Peru,PER,26410386669.3532,51744749133.213,192648999090.082,201175469114.327,200789362451.567,189805300841.603,191895943823.887,211007207483.515,222597212925.211,228323495040.901,201705055938.653,223249497500.387
GDP (current US$),NY.GDP.MKTP.CD,Philippines,PHL,50508286641.5746,83669693589.1547,261920509950.555,283902728260.716,297483247101.038,306446140628.709,318626761492.867,328480867142.69,346842094175.24,376823278561.196,361751116292.541,394086419343.056
GDP (current US$),NY.GDP.MKTP.CD,Poland,POL,65977749036.9844,172219461126.067,498523568248.119,521016262734.924,542477096211.761,477811911394.084,472630364208.177,526508877305.321,587411745161.558,597280564671.563,596624355719.671,674048266397.369
GDP (current US$),NY.GDP.MKTP.CD,Portugal,PRT,78713860216.5659,118605192877.388,216224240577.957,226433858005.714,229901964221.884,199394066525.44,206426152308.931,221357874718.93,242313116577.967,239986922638.902,228539245045.341,249886464354.752
GDP (current US$),NY.GDP.MKTP.CD,Puerto Rico,PRI,30603919000,61701800000,101564800000,102450000000,102445800000,103375500000,104336700000,103445526000,100925000000,104914600000,103138300000,..
GDP (current US$),NY.GDP.MKTP.CD,Qatar,QAT,7360439423.07692,17759890109.8901,186833502362.128,198727642979.297,206224598564.624,161739955577.748,151732181857.113,161099122215.307,183334953813.209,175837550996.185,144411363345.27,179570783550.549
GDP (current US$),NY.GDP.MKTP.CD,Romania,ROU,38995454545.4545,37253259016.9976,170635805316.879,190801346194.297,199959363430.073,177729210874.504,188128818486.401,211695422578.655,241457403085.042,249881592298.072,249511333647.502,284087563695.798
GDP (current US$),NY.GDP.MKTP.CD,Russian Federation,RUS,516814274021.956,259710142196.943,2208295773643.15,2292473246621.08,2059241965490.83,1363481063446.77,1276786979221.81,1574199387070.9,1657329646183.62,1693113904262.89,1488321875489.74,1775799919352.98
GDP (current US$),NY.GDP.MKTP.CD,Rwanda,RWA,2550185618.14774,2067579822.43604,7650671476.94976,7815975293.67372,8234762201.03869,8539424910.07969,8690878327.95492,9252834120.39358,9642440645.81148,10356327149.4262,10184345442.1708,11070356519.4804
GDP (current US$),NY.GDP.MKTP.CD,Samoa,WSM,125766269.755358,258856138.707307,760549577.698957,770059564.970021,756805950.228193,788307314.850856,799493897.539886,832025556.081401,821286938.902743,852007104.660046,807147527.615094,788389971.603065
GDP (current US$),NY.GDP.MKTP.CD,San Marino,SMR,..,1005159388.24397,1604779647.95066,1678841811.66158,1673973694.69908,1419394763.11994,1468377241.53199,1528630704.92544,1655300897.49646,1616231696.0486,1544713784.67671,..
GDP (current US$),NY.GDP.MKTP.CD,Sao Tome and Principe,STP,..,..,250680845.747837,300554483.611626,346528329.183227,316066072.343754,345495614.979982,375614126.193877,412253809.728799,427425039.684339,472914469.91933,547092915.036334
GDP (current US$),NY.GDP.MKTP.CD,Saudi Arabia,SAU,117630271802.403,189514926213.333,735974843348.664,746647127407.619,756350347320.381,654269739552.019,644935682011.475,688586094412.68,816578674529.141,803616264791.024,703367841222.555,833541236569.315
GDP (current US$),NY.GDP.MKTP.CD,Senegal,SEN,7390967034.66625,6013184809.23898,17660871725.9977,18918668644.1941,19797254643.1212,17774766636.0459,19040312815.1337,20996564751.5994,23116897847.0474,23398811423.578,24493157583.2282,27625388352.1688
GDP (current US$),NY.GDP.MKTP.CD,Serbia,SRB,..,6875845986.52121,43309252921.0567,48394239474.6762,47062206677.6539,39655958842.5478,40692643373.0327,44179055279.8887,50640650221.4622,51514222381.8428,53335016425.4148,63068134601.1254
GDP (current US$),NY.GDP.MKTP.CD,Seychelles,SYC,368584758.942457,614879764.780006,1059496470.21959,1328089686.37137,1387577763.19196,1415998663.05391,1490226453.95653,1573428277.12074,1636310049.39694,1684228528.67297,1200634489.34841,1320053793.03903
GDP (current US$),NY.GDP.MKTP.CD,Sierra Leone,SLE,649644826.800447,635874002.198748,3801862611.36414,4920343194.99339,5015157815.73406,4218723875.1379,3674794530.18956,3719369107.34992,4085114794.22324,4076578542.56207,4063289449.58795,4200380124.32911
GDP (current US$),NY.GDP.MKTP.CD,Singapore,SGP,36144336768.7023,96074477958.2367,295087220933.024,307576360584.992,314851156183.411,308004146057.608,318832428519.725,343193352161.634,376998146500.593,375472731271.075,345295933898.674,396986899888.351
GDP (current US$),NY.GDP.MKTP.CD,Sint Maarten (Dutch part),SXM,..,..,985865921.787709,1022905027.93296,1245251396.64804,1253072625.69832,1263687150.83799,1191620111.73184,1185474860.3352,..,..,..
GDP (current US$),NY.GDP.MKTP.CD,Slovak Republic,SVK,12747380650.0762,29242558796.5507,94253181330.3891,98569320342.5842,101089178418.029,88636928904.6449,89674927723.2422,95393515077.7472,105612792516.582,105284375640.698,105172564491.569,114870706410.165
GDP (current US$),NY.GDP.MKTP.CD,Slovenia,SVN,..,20289627636.6767,46577793184.0031,48415657264.8758,49997186439.0916,43107506024.3254,44766722790.5826,48589100043.0954,54163591695.32,54178877605.9999,53589609580.7099,61526331889.499
GDP (current US$),NY.GDP.MKTP.CD,Solomon Islands,SLB,214877638.378336,419845231.77897,1191045573.19991,1284763287.27352,1335584911.8002,1307082934.28683,1378543909.3128,1483793468.06299,1574622018.23326,1570093229.25588,1545888426.23031,1645213881.62016
GDP (current US$),NY.GDP.MKTP.CD,Somalia,SOM,917044228.00846,..,..,4574495666.99509,5021956321.12103,5331761394.25487,5529873479.87157,5609000000,5850677295.70037,6476674591.87472,6965285324.52156,7292721820.00001
GDP (current US$),NY.GDP.MKTP.CD,South Africa,ZAF,126048148263.098,151753369491.916,434400545085.811,400886013595.573,381198869776.106,346709790458.563,323585509674.481,381448814653.456,404842116738.074,387934574098.17,335442101366.417,419946428126.008
GDP (current US$),NY.GDP.MKTP.CD,South Sudan,SSD,..,..,11931472169.4915,18426469016.9492,13962212847.4576,11997800760.2242,..,..,..,..,..,..
GDP (current US$),NY.GDP.MKTP.CD,Spain,ESP,536558591250.408,598363313494.903,1324744314781.64,1355142585077.65,1371222712535.68,1195599995808.59,1232912963206.23,1312539279462.36,1420994142512.16,1393046093137.25,1281484640043.58,1425276586282.92
GDP (current US$),NY.GDP.MKTP.CD,Sri Lanka,LKA,8032551173.24014,16330814179.9766,68434409315.1123,74317806538.3632,79356449840.5771,80604080688.5775,82401038709.5356,87428128123.7209,87963042340.7745,83902574442.8014,80969683537.4541,84518830392.6157
GDP (current US$),NY.GDP.MKTP.CD,St. Kitts and Nevis,KNA,217259259.259259,421695769.843918,826231629.62963,875376407.407407,954062481.481481,958407222.222222,1008942296.2963,1060638333.33333,1078505888.88889,1164877851.85185,980905888.888889,976150666.666667
GDP (current US$),NY.GDP.MKTP.CD,St. Lucia,LCA,579629629.62963,932592592.592592,1605146777.77778,1664816740.74074,1755130814.81481,1808079888.88889,1865513429.62963,1996771440.74074,2065127262.96296,2118791548.14815,1616772748.14815,1764901133.33333
GDP (current US$),NY.GDP.MKTP.CD,St. Martin (French part),MAF,..,..,..,..,772921756.347188,..,..,..,..,..,..,..
GDP (current US$),NY.GDP.MKTP.CD,St. Vincent and the Grenadines,VCT,240366666.666667,427946038.687133,730032600.112785,764781242.711841,770901436.441118,786554580.796867,814302267.073348,847620214.758074,884328180.526933,910149698.909411,872134546.803407,889775243.378352
GDP (current US$),NY.GDP.MKTP.CD,Sudan,SDN,33641222222.2222,12257418326.0734,63195499524.2094,66026600235.4524,76818327441.6497,84985132167.2171,102943741648.824,129717804934.614,32333780383.2924,32338079165.2893,26987563444.1489,34326058557.4359
GDP (current US$),NY.GDP.MKTP.CD,Suriname,SUR,388400000,947671969.69697,4980000000,5145757575.75758,5240606060.60606,5126291450.81511,3317438910.83068,3591623596.03082,3996247906.19765,3984483762.37123,2884248048.49068,2862131979.69543
GDP (current US$),NY.GDP.MKTP.CD,Sweden,SWE,261846194498.885,262835454366.855,552483727282.802,586841821796.891,581964017237.095,505103781349.757,515654671469.547,541018749769.097,555455371487.089,533879529188.454,541487151474.557,627437898887.29
GDP (current US$),NY.GDP.MKTP.CD,Switzerland,CHE,265987061618.198,279841151705.353,692109693986.886,712748124222.61,734396591036.932,702149580770.901,695600652899.283,704478516963.855,735539301552.674,731767398052.879,752248045730.11,812866928867.47
GDP (current US$),NY.GDP.MKTP.CD,Syrian Arab Republic,SYR,23904498886.4143,80590022271.7149,44117799606.7108,22552466245.3309,22075987601.9306,17622064891.81,12453459334.7204,16340665431.5167,21445775363.8597,..,..,..
GDP (current US$),NY.GDP.MKTP.CD,Tajikistan,TJK,2631768953.06859,860521119.298753,7633049792.09321,8448469837.53831,9112544556.05962,8271454300.59548,6992393787.40891,7536439875.08334,7765014424.33779,8300784856.87904,8133996647.90397,8746270636.40142
GDP (current US$),NY.GDP.MKTP.CD,Tanzania,TZA,4258743262.82876,13375976353.6994,39650530214.3287,45680532613.7591,49964788814.0926,47378599025.3044,49774021003.0748,53320625958.5628,57003713610.7625,61136873692.3985,62409709110.9538,67775101794.3478
GDP (current US$),NY.GDP.MKTP.CD,Thailand,THA,85343063965.9182,126392233706.79,397558222957.17,420333203150.426,407339454060.678,401296437424.995,413366150655.591,456356961443.497,506754616189.315,544081056184.697,499681757030.968,505981655622.305
GDP (current US$),NY.GDP.MKTP.CD,Timor-Leste,TLS,..,367087900,1160389500,1395519600,1447307100,1594410900,1650618500,1615609700,1583876200,2047931700,1902156800,1959134743.83541
GDP (current US$),NY.GDP.MKTP.CD,Togo,TGO,1628427515.41881,1491891107.95711,3873308389.30006,4321655656.33177,4574986536.90791,4180866177.03946,6031632168.17391,6395472574.41445,7112200725.00232,7220395247.7424,7574636978.66175,8413200567.6151
GDP (current US$),NY.GDP.MKTP.CD,Tonga,TON,113563821.577404,204849612.592276,470714083.426751,450643615.180528,439878828.008608,437006227.162781,420540178.571429,460379144.989821,489235527.395387,512350059.421629,488829964.070819,..
GDP (current US$),NY.GDP.MKTP.CD,Trinidad and Tobago,TTO,5068000000,8154338232.95978,25781712702.8567,27294453245.3822,27642525749.3456,25191551350.4204,22373566809.8206,23180107751.9208,23820742956.9744,23886216403.3455,21392536137.7724,21391802311.0118
GDP (current US$),NY.GDP.MKTP.CD,Tunisia,TUN,12290568181.8182,21473261837.0176,47311159485.2423,48684187850.0646,50271072627.6727,45780128466.5579,44360614525.1397,42164007605.1914,42685972269.4473,41772900763.3588,42514151614.2796,46840042941.4922
GDP (current US$),NY.GDP.MKTP.CD,Turkiye,TUR,150676291094.21,274302959053.103,880556375779.51,957783020853.031,938952628604.067,864316670330.882,869692960365.551,858996263095.858,778471901665.148,761004425605.414,719954821683.31,815271751724.423
GDP (current US$),NY.GDP.MKTP.CD,Turkmenistan,TKM,3188097768.33156,2904662604.82053,35164210526.3158,39197543859.6491,43524210526.3158,35799714285.7143,36169428571.4286,37926285714.2857,40765428571.4286,45231428571.4286,..,..
GDP (current US$),NY.GDP.MKTP.CD,Turks and Caicos Islands,TCA,..,..,727161000,754238000,841070000,942070000,1032452000,1022365000,1113178000,1197415000,924583000,943269768
GDP (current US$),NY.GDP.MKTP.CD,Tuvalu,TUV,8824447.74022325,15074211.5027829,39345620.2112239,38617493.7246573,38759689.9224806,36811659.5297123,41629497.4724948,45217657.8786021,47818290.4961148,54223149.1136601,55054710.6186773,63100961.5384615
GDP (current US$),NY.GDP.MKTP.CD,Uganda,UGA,4304398865.88268,6193246837.09687,27305915761.2918,28915786996.5518,32612397758.4579,32387183844.6699,29203988814.8973,30744473911.5312,32927025573.4296,35353060634.2022,37600368180.9399,40434701516.9528
GDP (current US$),NY.GDP.MKTP.CD,Ukraine,UKR,81393558423.4406,32375280320.5765,182592416468.527,190498811460.028,133503411375.739,91030959454.6961,93355993628.5042,112090530368.543,130891049796.879,153882982016.281,156617861448.576,200085537744.354
GDP (current US$),NY.GDP.MKTP.CD,United Arab Emirates,ARE,50701443748.2975,104337372362.151,374590657683.251,390107528483.058,403137207534.971,358134944420.504,357045156018.56,385605506854.881,422215043584.969,417215559513.364,358868765174.924,..
GDP (current US$),NY.GDP.MKTP.CD,United Kingdom,GBR,1093169389204.55,1662127402027.54,2719158341005.79,2803291406029.93,3087165602962.86,2956573778737.76,2722851958486.23,2699016715111.39,2900791442554.06,2878673912414.44,2756900214107.32,3186859739185.02
GDP (current US$),NY.GDP.MKTP.CD,United States,USA,5963144000000,10250947997000,16253972230000,16843190993000,17550680174000,18206020741000,18695110842000,19479620056000,20527156026000,21372572437000,20893743833000,22996100000000
GDP (current US$),NY.GDP.MKTP.CD,Uruguay,URY,9298839655.23138,22823255801.8447,51264390116.4909,57531233350.9101,57236013086.1223,53274304222.136,57236652490.1699,64233966861.2518,64515038268.1373,61231149880.5857,53560755046.5726,59319547636.0876
GDP (current US$),NY.GDP.MKTP.CD,Uzbekistan,UZB,13360607917.8773,13760513969.314,67517349212.0609,73180036692.3255,80845384375.1236,86196265191.6645,86138288615.1218,62081323299.0324,52633143808.1824,59907674027.4676,59894305352.8955,69238903106.1738
GDP (current US$),NY.GDP.MKTP.CD,Vanuatu,VUT,168879207.244148,272014693.050806,747839697.746593,758304466.245339,772315721.265827,730870581.672312,780889605.899977,880062103.045053,914736985.430944,936526267.622513,896827873.114925,983469256.849629
GDP (current US$),NY.GDP.MKTP.CD,"Venezuela, RB",VEN,48598315565.032,117140723529.412,381286237847.667,371005379786.566,482359318767.703,..,..,..,..,..,..,..
GDP (current US$),NY.GDP.MKTP.CD,Vietnam,VNM,6471740805.56984,31172518403.3162,195592471672.748,213710932339.105,233449971628.523,239257234710.757,257095955975.529,281353402175.236,308702086757.617,330391329475.734,343242570827.351,362637524070.969
GDP (current US$),NY.GDP.MKTP.CD,Virgin Islands (U.S.),VIR,..,..,4089000000,3738000000,3565000000,3663000000,3798000000,3794000000,3922000000,4117000000,4204000000,..
GDP (current US$),NY.GDP.MKTP.CD,West Bank and Gaza,PSE,..,4313600000,12208400000,13515500000,13989700000,13972400000,15405400000,16128000000,16276600000,17133500000,15531700000,18036800000
GDP (current US$),NY.GDP.MKTP.CD,"Yemen, Rep.",YEM,5647119229.00763,9652436179.64605,35401341663.0425,40415235701.9871,43228585321.3272,42444495590.1077,31317828583.5859,26842231204.8047,21606161066.2074,21887614217.1746,18840511908.2484,21061691629.5369
GDP (current US$),NY.GDP.MKTP.CD,Zambia,ZMB,3285217391.30435,3600683039.73254,25503060420.026,28037239462.7142,27141023558.0829,21251216798.7762,20958412538.3093,25873601260.8353,26311590296.7021,23308667781.2258,18110631358.3114,21203059080.3507
GDP (current US$),NY.GDP.MKTP.CD,Zimbabwe,ZWE,8783816700,6689957600,17114849900,19091020000,19495519600,19963120600,20548678100,17584890936.6523,18115543790.7855,19284289739.0517,18051170798.941,26217726717.3386
GDP (current US$),NY.GDP.MKTP.CD,Africa Eastern and Southern,AFE,253224041095.044,283925424524.95,973043454994.634,983937046710.893,1003678868706.97,924252536256.503,882355055412.759,1020647235171.22,991022252916.702,997534042075.187,921645942921.888,1082095608968.23
GDP (current US$),NY.GDP.MKTP.CD,Africa Western and Central,AFW,121802125421.925,140410259302.465,727570384034.451,820792700049.506,864990453538.518,760734474152.243,690546384903.295,683748746978.112,741689925173.426,794543045900.11,784445725634.786,835808395909.477
GDP (current US$),NY.GDP.MKTP.CD,Arab World,ARB,644068929938.217,816022345748.309,2778076501107.13,2834607141427.39,2876010443891.52,2518700620586.27,2495864756764.43,2584096654452.22,2785878075917.03,2808099764578.03,2496251185652.42,2850421035169.38
GDP (current US$),NY.GDP.MKTP.CD,Caribbean small states,CSS,18011678551.9381,34249904536.5491,72141071446.1207,73521446002.3955,74620404150.2578,73535009881.6185,69478366694.906,72533236071.4207,75431169087.5747,77023818120.749,65922853040.9271,69970323144.2875
GDP (current US$),NY.GDP.MKTP.CD,Central Europe and the Baltics,CEB,256335875977.442,428307303232.491,1353315149256.49,1422763976505.68,1465927584533.31,1293063507844.1,1321561802163.9,1464532904458.85,1645463203193.69,1673863310975.42,1654916154373.08,1887902464087.12
GDP (current US$),NY.GDP.MKTP.CD,Early-demographic dividend,EAR,1856791237218.31,3382509209554.22,10153495508194.2,10295575316213,10648316212896.6,10129016824229.1,10454393062395.3,11291259618576.3,11401133321555.3,11643791832112.3,10841710191637.6,12618119605215
GDP (current US$),NY.GDP.MKTP.CD,East Asia & Pacific,EAS,4737130016893.33,8373137090556.21,21171235550388.5,21409820574994.3,22085315696268.9,21997093126150.3,22772145277753.9,24325231732305.3,26481019943236.6,27024079763932.2,27118722832657.5,30880832035117.6
GDP (current US$),NY.GDP.MKTP.CD,East Asia & Pacific (excluding high income),EAP,667363738714.834,1734674377485.85,10759162578319.6,11871112996760.2,12798789791348.7,13327553631228.2,13612426104052.7,14877258915652.8,16638962757093.7,17203906511529,17483820589534.5,20746563721663.3
GDP (current US$),NY.GDP.MKTP.CD,East Asia & Pacific (IDA & IBRD countries),TEA,666363108522.434,1732073445706.97,10745117187521.7,11855675717376.6,12782189477274.2,13310241615014.3,13594771778031.6,14858085911410.5,16617566546821.7,17181787022158.2,17461284721761.5,20719819524210.8
GDP (current US$),NY.GDP.MKTP.CD,Euro area,EMU,5880686952499.88,6495501325035.75,12638199928858.1,13195371020219.7,13508854391651.8,11674422820798.6,11972520804230.6,12677749892531.3,13699406014418.1,13416061270575.3,13027258675468.3,14493212396452.5
GDP (current US$),NY.GDP.MKTP.CD,Europe & Central Asia,ECS,8860886770157.08,10062644063691.1,22462345376234.4,23481224437521.6,23811885452932.2,20513326700882.6,20453731054147.2,21680175761930.6,23224055731756.6,22941556433612.1,22133908631128.1,25046912741672.4
GDP (current US$),NY.GDP.MKTP.CD,Europe & Central Asia (excluding high income),ECA,893026242232.066,662873806189.37,3914696679892.02,4150223013344.07,3845832673606.77,2921404061640.66,2777731258685.99,3118192978608.2,3182530249215.21,3249705581846.91,2980726151029.73,3499151501974.59
GDP (current US$),NY.GDP.MKTP.CD,Europe & Central Asia (IDA & IBRD countries),TEC,1020121053379.52,894261368128.015,4641048400380.35,4920929704588.63,4646599423005.3,3627108376792.4,3490785599724.82,3912611705923.38,4073647272410.63,4159113945157.09,3884826500881.03,4525639233067.13
GDP (current US$),NY.GDP.MKTP.CD,European Union,EUU,6498471911158.62,7276100425846.39,14636200267663.1,15299732275660.3,15652098620138.5,13551929359932.8,13893207820569.6,14766273067392.1,15978719985091.5,15691850452107.3,15300141971364.8,17088620744318.8
GDP (current US$),NY.GDP.MKTP.CD,Fragile and conflict affected situations,FCS,551558495418.015,525986618639.51,1877756707178.7,1946596506024.74,2049521652800.08,1651524360400,1554689216357.47,1644757314707.75,1680875741828.21,1791408028660.02,1675307026432.75,1795312624367.93
GDP (current US$),NY.GDP.MKTP.CD,Heavily indebted poor countries (HIPC),HPC,161312180661.065,176448622410.695,604866547388.919,673156514396.158,715228883440.478,693546549509.433,728868758296.964,808758193981.076,770227091403.54,797617929913.554,803283582149.532,894494280734.025
GDP (current US$),NY.GDP.MKTP.CD,High income,HIC,18979337151826.9,27754366209042.3,49426119717934.1,50047896627312.3,51126000506570.3,48258374724904.4,49298560658248.9,51558534599568.8,54815581180361.5,55289237589071.7,53699833079337.5,59445422597098.5
GDP (current US$),NY.GDP.MKTP.CD,IBRD only,IBD,3571969618683.42,5851018524492.79,25281744734510.7,26687314344078.3,27585919437824.3,25838407546532,26049357277804.3,28755722549809.3,30580348814900.7,31244154278543.7,30032432470232.9,35451524325722.9
GDP (current US$),NY.GDP.MKTP.CD,IDA & IBRD total,IBT,3941505986851.95,6386350203645.04,27074329762050,28633433322819.4,29669217348404.7,27890618520661.3,28148206251242.2,30949196507979.8,32816676763015.1,33581689373310.4,32364941970351.3,37997904401783.5
GDP (current US$),NY.GDP.MKTP.CD,IDA blend,IDB,146299175327.62,206736783138.396,900552955434.27,978009434733.188,1049295978895.45,1011469386663.99,977136218822.668,959820517813.632,1007826238815.28,1040154261857.99,999383582141.337,1090090509343.12
GDP (current US$),NY.GDP.MKTP.CD,IDA only,IDX,223490133284.73,329980830726.644,891921151320.254,968109544007.918,1034001931684.93,1039584636867.06,1120264997190.93,1233217424204.7,1228944982675.59,1297337886387.31,1333641390974.42,1455496866167.88
GDP (current US$),NY.GDP.MKTP.CD,IDA total,IDA,369391560079.66,535746560559.207,1792472954653.82,1946118978741.11,2083297910580.38,2051054023531.05,2097401216013.6,2193037942018.33,2236771221490.87,2337492148245.3,2332329928471.14,2544817395142.83
GDP (current US$),NY.GDP.MKTP.CD,Late-demographic dividend,LTE,1960684659399.57,3403353395616.98,17649552247547.1,19020336554220.1,19748300821653.4,18517662625473,18570802137230.1,20609641582561.2,22593028676199.3,23026354774547.3,22470885208733.4,26594255163051.9
GDP (current US$),NY.GDP.MKTP.CD,Latin America & Caribbean,LCN,1107682140920.54,2292336726313.52,6150577638703.64,6302260334241.2,6425925127988.69,5369841659812.45,5247934472432.74,5830760733039.75,5701842678618.31,5623606841400.31,4743154434209.72,5488720386464.9
GDP (current US$),NY.GDP.MKTP.CD,Latin America & Caribbean (excluding high income),LAC,963521069746.252,1968548980768.48,5247982874116.74,5386102135060.8,5410692635981.98,4599013460013.28,4469554771604.4,4985190331086.06,4840908109011.91,4778836894074.21,3997944092006.99,4607069828667.43
GDP (current US$),NY.GDP.MKTP.CD,Latin America & the Caribbean (IDA & IBRD countries),TLA,1038065372845.95,2177903963468.53,5942806001501.6,6089681481339.62,6208804955807.97,5141565441295.19,5013497320466.81,5591255025851.82,5460183049715.08,5372623255716.85,4495215145995.85,5202510610993.8
GDP (current US$),NY.GDP.MKTP.CD,Least developed countries: UN classification,LDC,182238951885.355,217430636754.837,837472392285.686,912825118463.957,981404159747.835,949727385691.62,988284685140.62,1103873572550.27,1087620246478.49,1142304121430.5,1162000059176.75,1272906946634.44
GDP (current US$),NY.GDP.MKTP.CD,Low & middle income,LMY,3750941357863.12,5953459630148.95,25680357132455,27188300106079.8,28100455731233,26661349279436.3,26902975428802.6,29564640715524.3,31299342895042.8,32061336323529.7,30913851917481.4,36315909953199.6
GDP (current US$),NY.GDP.MKTP.CD,Low income,LIC,137462379562.085,191364834842.565,437977409270.64,449878650135.62,480290463938.974,474997750204.314,470793414270.398,527246970766.453,453567578538.199,479642679708.746,481025300269.274,526277736196.316
GDP (current US$),NY.GDP.MKTP.CD,Lower middle income,LMC,1047869551725.56,1520346575348.65,6329151640687.13,6432753018623.34,6682831969457.04,6525989100013.56,6885317061857.85,7396385303040.09,7541059240415.66,7894761632394.7,7585548465069.87,8683293482839.04
GDP (current US$),NY.GDP.MKTP.CD,Middle East & North Africa,MEA,800911182301.326,1046434254191.58,3614568535814.05,3553161343517.32,3569382045547.03,3140633464178.65,3168626876840.16,3296304700286.03,3459086397885.49,3465217350186.81,3106899915587.77,3636731834007.36
GDP (current US$),NY.GDP.MKTP.CD,Middle East & North Africa (excluding high income),MNA,507139807872.787,532013694132.4,1757061656602.17,1616323385620.79,1592380458099.95,1430990382384.9,1467437712248.72,1455193787706.94,1380524947470.91,1391982940489.58,1263840405685.41,1455921395695.44
GDP (current US$),NY.GDP.MKTP.CD,Middle East & North Africa (IDA & IBRD countries),TMN,502613125061.16,527700094132.4,1744853256602.17,1602807885620.79,1578390758099.95,1417017982384.9,1452032312248.72,1439065787706.94,1364248347470.91,1374849440489.58,1248309123457.61,1437882615132.05
GDP (current US$),NY.GDP.MKTP.CD,Middle income,MIC,3617243568343.81,5766960018193.37,25244100594201.5,26739563342646.6,27621943655332.5,26188792677442.2,26434313003919.9,29040121195033.7,30844577555857.3,31581053756606.8,30433799984879,35785944374024.4
GDP (current US$),NY.GDP.MKTP.CD,North America,NAC,6558665950908.47,10999201631931.6,18088716899521.6,18696254170835,19362844040439.9,19769184098217.1,20230005494907.4,21136028016244.1,22259711195783,23122010947482.3,22546048902568.4,24993942509665.2
GDP (current US$),NY.GDP.MKTP.CD,Not classified,INX,..,..,..,..,..,..,..,..,..,..,..,..
GDP (current US$),NY.GDP.MKTP.CD,OECD members,OED,18798023223181.7,27628221089532.2,48636393238635.7,49291557683427.5,50304127205366.7,47434878193306,48354878171224.4,50468487779733.6,53389616112315.2,53898740687188.2,52333093047631.9,57920170928484.4
GDP (current US$),NY.GDP.MKTP.CD,Other small states,OSS,54434615051.6632,91409484061.6567,414201992255.111,432289396601.509,446284720914.132,369987880629.301,365901654951.657,398431383419.643,441994932565.805,432762687769.924,376519277668.36,447252486851.265
GDP (current US$),NY.GDP.MKTP.CD,Pacific island small states,PSS,2351583195.83206,3435939280.0063,8188147239.15853,8498746217.43669,9225908806.60407,9020208143.93682,9461610627.54152,10217604992.4423,10657544778.1169,10644265612.3514,9573379122.14219,9749476210.01643
GDP (current US$),NY.GDP.MKTP.CD,Post-demographic dividend,PST,18375259835517.2,26394867688645.4,45793098192800.8,46252814756263.8,47173652475802.9,44611867638951.4,45620827320653.7,47559090134749.7,50409601013871.7,50901911073586.6,49529282835846.2,54622502733268.8
GDP (current US$),NY.GDP.MKTP.CD,Pre-demographic dividend,PRE,393436457374.944,277541269067.626,1328911602322.19,1455530908006.03,1530149667900.49,1322540304458.42,1214494552345.81,1293918591719.65,1322706441706.9,1393565082221.82,1309752047432.1,1433124281341.12
GDP (current US$),NY.GDP.MKTP.CD,Small states,SST,74735531054.3571,129085340844.073,494531210940.391,514309588821.341,530131033870.994,452543098654.856,444841632274.105,481182224483.506,528083646431.496,520430771503.024,452015509831.429,526938134965.751
GDP (current US$),NY.GDP.MKTP.CD,South Asia,SAS,407187370820.544,630429061929.228,2300089514183.77,2359608787133.38,2584563411971.79,2699434735086.94,3005243895307.67,3426790936090.99,3527312593331.06,3648731786168.25,3482474115840.58,4087773969795.48
GDP (current US$),NY.GDP.MKTP.CD,South Asia (IDA & IBRD),TSA,407187370820.544,630429061929.228,2300089514183.77,2359608787133.38,2584563411971.79,2699434735086.94,3005243895307.67,3426790936090.99,3527312593331.06,3648731786168.25,3482474115840.58,4087773969795.48
GDP (current US$),NY.GDP.MKTP.CD,Sub-Saharan Africa,SSF,373990476994.685,423078020812,1700400038004.9,1804729746760.4,1868669322245.49,1684987010408.75,1572901440316.05,1704395982149.33,1732712178090.13,1792077087975.3,1706091668556.67,1917904004877.71
GDP (current US$),NY.GDP.MKTP.CD,Sub-Saharan Africa (excluding high income),SSA,373621113106.598,422458954001.198,1699341029335.21,1803401657074.03,1867281744482.3,1683571011745.69,1571411213862.1,1702822553872.21,1731075868040.73,1790392859446.62,1704891034067.33,1916583951084.67
GDP (current US$),NY.GDP.MKTP.CD,Sub-Saharan Africa (IDA & IBRD countries),TSS,373990476994.685,423078020811.999,1700400038004.9,1804729746760.4,1868669322245.49,1684987010408.75,1572901440316.05,1704395982149.33,1732712178090.13,1792077087975.3,1706091668556.67,1917904004877.71
GDP (current US$),NY.GDP.MKTP.CD,Upper middle income,UMC,2573703086239.25,4246598004262.98,18914948953514.4,20306810324023.2,20939111685875.5,19662803577428.7,19548995942062,21643735891993.6,23303518315441.7,23686292124212.1,22848294411119.4,27104280387250.6
GDP (current US$),NY.GDP.MKTP.CD,World,WLD,22779978683109.7,33830878799862.6,75488064175234.3,77607198470255.7,79708812241364.7,75179266270828.2,76465590005079,81403977427442.5,86413032779059.9,87652863215992.6,84906814189239.5,96100091004540.9
,,,,,,,,,,,,,,,
,,,,,,,,,,,,,,,
,,,,,,,,,,,,,,,
Data from database: World Development Indicators,,,,,,,,,,,,,,,
Last Updated: 09/16/2022,,,,,,,,,,,,,,,
